task,shot,dataset,combo,Final Accuracy,Final F1,Final AUROC
Graph,1shot,MUTAG,DGI+All-in-one,0.7253±0.0919,0.6913±0.1031,0.8750±0.0080
Graph,1shot,MUTAG,DGI+DAGPrompT,0.6840±0.0616,0.6420±0.0603,0.6691±0.0516
Graph,1shot,MUTAG,DGI+EdgePrompt,0.3320±0.0129,0.2492±0.0072,0.5153±0.0519
Graph,1shot,MUTAG,DGI+EdgePromptplus,0.3320±0.0129,0.2492±0.0072,0.5496±0.0216
Graph,1shot,MUTAG,DGI+GPF,0.6613±0.0732,0.6476±0.0716,0.7195±0.0144
Graph,1shot,MUTAG,DGI+GPF-plus,0.6493±0.0538,0.5893±0.0824,0.7301±0.0312
Graph,1shot,MUTAG,DGI+GPPT,0.3427±0.0328,0.2706±0.0490,0.1746±0.0933
Graph,1shot,MUTAG,DGI+Gprompt,0.6173±0.1405,0.5992±0.1364,0.6821±0.1271
Graph,1shot,MUTAG,DGI+GraphPrompter,0.7147±0.0341,0.6906±0.0210,0.7186±0.0351
Graph,1shot,MUTAG,DGI+Prodigy,0.6613±0.0165,0.6000±0.0363,0.6197±0.0250
Graph,1shot,MUTAG,DGI+RELIEF,0.4680±0.1654,0.3104±0.0744,0.5000±0.0000
Graph,1shot,MUTAG,Edgepred_Gprompt+All-in-one,0.6760±0.0331,0.6288±0.0468,0.7427±0.0084
Graph,1shot,MUTAG,Edgepred_Gprompt+DAGPrompT,0.6880±0.0435,0.6425±0.0358,0.6632±0.0398
Graph,1shot,MUTAG,Edgepred_Gprompt+EdgePrompt,0.5160±0.0237,0.4694±0.0129,0.4111±0.0186
Graph,1shot,MUTAG,Edgepred_Gprompt+EdgePromptplus,0.3973±0.0161,0.3494±0.0331,0.7976±0.0130
Graph,1shot,MUTAG,Edgepred_Gprompt+GPF,0.7040±0.0328,0.6556±0.0454,0.7562±0.0137
Graph,1shot,MUTAG,Edgepred_Gprompt+GPF-plus,0.7040±0.0282,0.6599±0.0466,0.7715±0.0158
Graph,1shot,MUTAG,Edgepred_Gprompt+GPPT,0.4573±0.1668,0.4079±0.2019,0.3778±0.2963
Graph,1shot,MUTAG,Edgepred_Gprompt+Gprompt,0.7240±0.0326,0.6966±0.0230,0.7693±0.0248
Graph,1shot,MUTAG,Edgepred_Gprompt+GraphPrompter,0.7507±0.0225,0.7227±0.0207,0.7319±0.0297
Graph,1shot,MUTAG,Edgepred_Gprompt+Prodigy,0.4947±0.1149,0.4695±0.1061,0.5215±0.0645
Graph,1shot,MUTAG,Edgepred_Gprompt+RELIEF,0.5320±0.1629,0.3394±0.0736,0.4949±0.0063
Graph,1shot,MUTAG,GraphCL+All-in-one,0.6533±0.0854,0.5978±0.1153,0.7969±0.0112
Graph,1shot,MUTAG,GraphCL+DAGPrompT,0.6360±0.0889,0.5799±0.1009,0.6369±0.0740
Graph,1shot,MUTAG,GraphCL+EdgePrompt,0.5667±0.0270,0.3615±0.0110,0.2946±0.0196
Graph,1shot,MUTAG,GraphCL+EdgePromptplus,0.5640±0.0080,0.5626±0.0080,0.6979±0.0174
Graph,1shot,MUTAG,GraphCL+GPF,0.6133±0.0659,0.5455±0.0918,0.7129±0.0177
Graph,1shot,MUTAG,GraphCL+GPF-plus,0.6267±0.0856,0.6141±0.0879,0.7077±0.0217
Graph,1shot,MUTAG,GraphCL+GPPT,0.3587±0.0586,0.2717±0.0362,0.2135±0.0992
Graph,1shot,MUTAG,GraphCL+Gprompt,0.5280±0.0841,0.5140±0.0931,0.5783±0.1333
Graph,1shot,MUTAG,GraphCL+GraphPrompter,0.6347±0.0782,0.5832±0.0994,0.6382±0.0754
Graph,1shot,MUTAG,GraphCL+Prodigy,0.6013±0.0651,0.5653±0.0637,0.6596±0.0384
Graph,1shot,MUTAG,GraphCL+RELIEF,0.5320±0.1658,0.3715±0.1099,0.5113±0.0179
Graph,1shot,MUTAG,GraphMAE+All-in-one,0.7093±0.0823,0.6797±0.0765,0.8684±0.0085
Graph,1shot,MUTAG,GraphMAE+DAGPrompT,0.6587±0.0777,0.6149±0.0653,0.6533±0.0426
Graph,1shot,MUTAG,GraphMAE+EdgePrompt,0.6373±0.0496,0.5650±0.0169,0.7462±0.0160
Graph,1shot,MUTAG,GraphMAE+EdgePromptplus,0.5640±0.1103,0.5424±0.1436,0.7352±0.0102
Graph,1shot,MUTAG,GraphMAE+GPF,0.6627±0.0727,0.5980±0.1096,0.7272±0.0151
Graph,1shot,MUTAG,GraphMAE+GPF-plus,0.6413±0.0827,0.6226±0.0831,0.7112±0.0169
Graph,1shot,MUTAG,GraphMAE+GPPT,0.4533±0.1607,0.3812±0.1688,0.3695±0.2864
Graph,1shot,MUTAG,GraphMAE+Gprompt,0.6947±0.0658,0.6619±0.0462,0.7348±0.0475
Graph,1shot,MUTAG,GraphMAE+GraphPrompter,0.6680±0.0394,0.6113±0.0675,0.6433±0.0543
Graph,1shot,MUTAG,GraphMAE+Prodigy,0.6427±0.0673,0.5909±0.0549,0.5991±0.0614
Graph,1shot,MUTAG,GraphMAE+RELIEF,0.4653±0.1649,0.3092±0.0745,0.5000±0.0000
Graph,1shot,MUTAG,None+All-in-one,0.7267±0.0915,0.6949±0.1006,0.8767±0.0080
Graph,1shot,MUTAG,None+DAGPrompT,0.6813±0.0626,0.6329±0.0612,0.6574±0.0488
Graph,1shot,MUTAG,None+EdgePrompt,0.6627±0.0521,0.4981±0.0606,0.7280±0.0166
Graph,1shot,MUTAG,None+EdgePromptplus,0.3320±0.0129,0.2492±0.0072,0.5996±0.0108
Graph,1shot,MUTAG,None+GPF,0.6547±0.0675,0.5885±0.0924,0.7262±0.0159
Graph,1shot,MUTAG,None+GPF-plus,0.6267±0.0697,0.6133±0.0660,0.7018±0.0163
Graph,1shot,MUTAG,None+GPPT,0.4507±0.1573,0.3860±0.1743,0.3597±0.2741
Graph,1shot,MUTAG,None+Gprompt,0.6653±0.0804,0.6257±0.0558,0.6859±0.0421
Graph,1shot,MUTAG,None+GraphPrompter,0.6667±0.0592,0.6019±0.1121,0.6503±0.0820
Graph,1shot,MUTAG,None+None,0.6200±0.0857,0.6084±0.0846,0.7170±0.0134
Graph,1shot,MUTAG,None+Prodigy,0.5680±0.1031,0.5432±0.0835,0.5895±0.0470
Graph,1shot,MUTAG,None+RELIEF,0.5293±0.1710,0.3642±0.1067,0.5120±0.0193
Graph,1shot,PROTEINS,DGI+All-in-one,0.5924±0.0528,0.5480±0.0479,0.6707±0.0073
Graph,1shot,PROTEINS,DGI+DAGPrompT,0.5710±0.1038,0.5548±0.0941,0.5613±0.0844
Graph,1shot,PROTEINS,DGI+EdgePrompt,0.5602±0.0859,0.4462±0.1148,0.5528±0.0364
Graph,1shot,PROTEINS,DGI+EdgePromptplus,0.4081±0.0912,0.3380±0.0285,0.4328±0.0118
Graph,1shot,PROTEINS,DGI+GPF,0.5906±0.0588,0.5334±0.0941,0.5960±0.0179
Graph,1shot,PROTEINS,DGI+GPF-plus,0.5910±0.0587,0.5370±0.0929,0.6051±0.0172
Graph,1shot,PROTEINS,DGI+GPPT,0.4389±0.0864,0.3313±0.0406,0.3752±0.1802
Graph,1shot,PROTEINS,DGI+Gprompt,0.5404±0.0633,0.5284±0.0546,0.5470±0.0824
Graph,1shot,PROTEINS,DGI+GraphPrompter,0.5627±0.0609,0.5133±0.0426,0.5360±0.0307
Graph,1shot,PROTEINS,DGI+Prodigy,0.5802±0.0261,0.3949±0.0429,0.4775±0.0174
Graph,1shot,PROTEINS,Edgepred_Gprompt+All-in-one,0.5840±0.0658,0.5641±0.0648,0.6764±0.0152
Graph,1shot,PROTEINS,Edgepred_Gprompt+DAGPrompT,0.5838±0.0411,0.5641±0.0609,0.5706±0.0557
Graph,1shot,PROTEINS,Edgepred_Gprompt+EdgePrompt,0.6200±0.0082,0.5252±0.0354,0.6331±0.0315
Graph,1shot,PROTEINS,Edgepred_Gprompt+EdgePromptplus,0.6234±0.0127,0.6188±0.0129,0.6335±0.0133
Graph,1shot,PROTEINS,Edgepred_Gprompt+GPF,0.6247±0.0352,0.5665±0.0532,0.6271±0.0228
Graph,1shot,PROTEINS,Edgepred_Gprompt+GPF-plus,0.6121±0.0391,0.5991±0.0284,0.6056±0.0129
Graph,1shot,PROTEINS,Edgepred_Gprompt+GPPT,0.4715±0.1202,0.4367±0.0955,0.4632±0.1852
Graph,1shot,PROTEINS,Edgepred_Gprompt+Gprompt,0.5569±0.0552,0.5519±0.0647,0.5934±0.1089
Graph,1shot,PROTEINS,Edgepred_Gprompt+GraphPrompter,0.5447±0.0861,0.5229±0.1051,0.5629±0.0722
Graph,1shot,PROTEINS,Edgepred_Gprompt+Prodigy,0.5234±0.0226,0.5218±0.0219,0.5696±0.0328
Graph,1shot,PROTEINS,GraphCL+All-in-one,0.6162±0.0606,0.5961±0.0508,0.6653±0.0217
Graph,1shot,PROTEINS,GraphCL+DAGPrompT,0.5674±0.1002,0.5553±0.0925,0.5616±0.0861
Graph,1shot,PROTEINS,GraphCL+EdgePrompt,0.4328±0.0063,0.4189±0.0083,0.5717±0.0077
Graph,1shot,PROTEINS,GraphCL+EdgePromptplus,0.5847±0.0272,0.5794±0.0211,0.6197±0.0172
Graph,1shot,PROTEINS,GraphCL+GPF,0.5220±0.1316,0.4870±0.1467,0.5733±0.0139
Graph,1shot,PROTEINS,GraphCL+GPF-plus,0.6090±0.0341,0.5893±0.0174,0.5874±0.0136
Graph,1shot,PROTEINS,GraphCL+GPPT,0.4971±0.1283,0.4829±0.1172,0.4869±0.1716
Graph,1shot,PROTEINS,GraphCL+Gprompt,0.5220±0.1360,0.4951±0.1261,0.4936±0.1052
Graph,1shot,PROTEINS,GraphCL+GraphPrompter,0.4901±0.0903,0.4209±0.1137,0.5177±0.0350
Graph,1shot,PROTEINS,GraphCL+Prodigy,0.5117±0.0222,0.5001±0.0109,0.5082±0.0232
Graph,1shot,PROTEINS,GraphMAE+All-in-one,0.6056±0.0410,0.5891±0.0240,0.6510±0.0082
Graph,1shot,PROTEINS,GraphMAE+DAGPrompT,0.5755±0.0696,0.5613±0.0703,0.5692±0.0685
Graph,1shot,PROTEINS,GraphMAE+EdgePrompt,0.5919±0.0104,0.3718±0.0041,0.5166±0.0052
Graph,1shot,PROTEINS,GraphMAE+EdgePromptplus,0.5919±0.0104,0.3718±0.0041,0.5293±0.0047
Graph,1shot,PROTEINS,GraphMAE+GPF,0.6054±0.0293,0.5433±0.0852,0.6208±0.0370
Graph,1shot,PROTEINS,GraphMAE+GPF-plus,0.6070±0.0360,0.5517±0.0924,0.5903±0.0175
Graph,1shot,PROTEINS,GraphMAE+GPPT,0.4910±0.0923,0.3268±0.0406,0.4528±0.2234
Graph,1shot,PROTEINS,GraphMAE+Gprompt,0.5476±0.0485,0.5416±0.0587,0.5645±0.0876
Graph,1shot,PROTEINS,GraphMAE+GraphPrompter,0.6076±0.0323,0.5413±0.0478,0.5635±0.0216
Graph,1shot,PROTEINS,GraphMAE+Prodigy,0.5699±0.0488,0.3912±0.0375,0.4837±0.0163
Graph,1shot,PROTEINS,None+All-in-one,0.6247±0.0546,0.6043±0.0406,0.6869±0.0113
Graph,1shot,PROTEINS,None+DAGPrompT,0.5596±0.0947,0.5484±0.0864,0.5556±0.0817
Graph,1shot,PROTEINS,None+EdgePrompt,0.5249±0.0891,0.3419±0.0393,0.5415±0.0199
Graph,1shot,PROTEINS,None+EdgePromptplus,0.6009±0.0131,0.4029±0.0500,0.5510±0.0175
Graph,1shot,PROTEINS,None+GPF,0.6200±0.0266,0.5537±0.0832,0.6090±0.0246
Graph,1shot,PROTEINS,None+GPF-plus,0.6009±0.0393,0.5329±0.0849,0.6174±0.0336
Graph,1shot,PROTEINS,None+GPPT,0.5598±0.0698,0.3824±0.0196,0.6575±0.1416
Graph,1shot,PROTEINS,None+Gprompt,0.5766±0.1048,0.5616±0.0960,0.5823±0.1030
Graph,1shot,PROTEINS,None+GraphPrompter,0.5301±0.0919,0.4699±0.0577,0.5150±0.0442
Graph,1shot,PROTEINS,None+None,0.6031±0.0275,0.4630±0.1102,0.5616±0.0227
Graph,1shot,PROTEINS,None+Prodigy,0.5712±0.0462,0.3913±0.0378,0.4936±0.0237
Graph,3shot,MUTAG,DGI+All-in-one,0.7653±0.0160,0.7537±0.0093,0.8814±0.0042
Graph,3shot,MUTAG,DGI+DAGPrompT,0.6227±0.0300,0.6055±0.0173,0.6364±0.0202
Graph,3shot,MUTAG,DGI+EdgePrompt,0.3520±0.0050,0.2603±0.0027,0.5933±0.0712
Graph,3shot,MUTAG,DGI+EdgePromptplus,0.3520±0.0050,0.2603±0.0027,0.5070±0.0612
Graph,3shot,MUTAG,DGI+GPF,0.6320±0.0542,0.6064±0.0453,0.7147±0.0161
Graph,3shot,MUTAG,DGI+GPF-plus,0.6413±0.0445,0.6272±0.0326,0.7161±0.0231
Graph,3shot,MUTAG,DGI+GPPT,0.4293±0.1490,0.3479±0.1510,0.3244±0.2692
Graph,3shot,MUTAG,DGI+Gprompt,0.6107±0.1062,0.5795±0.1084,0.5891±0.0970
Graph,3shot,MUTAG,DGI+GraphPrompter,0.6027±0.1312,0.5673±0.1413,0.6187±0.0659
Graph,3shot,MUTAG,DGI+Prodigy,0.6533±0.0814,0.6117±0.0618,0.6645±0.0150
Graph,3shot,MUTAG,DGI+RELIEF,0.4133±0.1201,0.2879±0.0537,0.5000±0.0000
Graph,3shot,MUTAG,Edgepred_Gprompt+All-in-one,0.6027±0.0915,0.5773±0.0981,0.7018±0.0141
Graph,3shot,MUTAG,Edgepred_Gprompt+DAGPrompT,0.5973±0.0414,0.5791±0.0310,0.6247±0.0318
Graph,3shot,MUTAG,Edgepred_Gprompt+EdgePrompt,0.5933±0.0263,0.5923±0.0271,0.7879±0.0120
Graph,3shot,MUTAG,Edgepred_Gprompt+EdgePromptplus,0.5560±0.0053,0.5533±0.0055,0.7990±0.0116
Graph,3shot,MUTAG,Edgepred_Gprompt+GPF,0.6427±0.0496,0.5769±0.0332,0.7027±0.0356
Graph,3shot,MUTAG,Edgepred_Gprompt+GPF-plus,0.6413±0.0459,0.6071±0.0310,0.7438±0.0191
Graph,3shot,MUTAG,Edgepred_Gprompt+GPPT,0.4373±0.1539,0.4002±0.1795,0.3779±0.2928
Graph,3shot,MUTAG,Edgepred_Gprompt+Gprompt,0.5853±0.1566,0.5671±0.1439,0.5815±0.1212
Graph,3shot,MUTAG,Edgepred_Gprompt+GraphPrompter,0.5493±0.1346,0.4892±0.1394,0.5441±0.0746
Graph,3shot,MUTAG,Edgepred_Gprompt+Prodigy,0.6387±0.0945,0.6161±0.0878,0.6935±0.0626
Graph,3shot,MUTAG,Edgepred_Gprompt+RELIEF,0.3800±0.1375,0.2816±0.0564,0.4423±0.0739
Graph,3shot,MUTAG,GraphCL+All-in-one,0.6560±0.0300,0.6441±0.0199,0.7588±0.0081
Graph,3shot,MUTAG,GraphCL+DAGPrompT,0.6067±0.0415,0.5864±0.0389,0.6289±0.0411
Graph,3shot,MUTAG,GraphCL+EdgePrompt,0.3520±0.0050,0.2603±0.0027,0.7231±0.0170
Graph,3shot,MUTAG,GraphCL+EdgePromptplus,0.5880±0.0217,0.5870±0.0226,0.6913±0.0144
Graph,3shot,MUTAG,GraphCL+GPF,0.6213±0.0366,0.5890±0.0357,0.6758±0.0173
Graph,3shot,MUTAG,GraphCL+GPF-plus,0.6227±0.0613,0.5574±0.0447,0.6692±0.0152
Graph,3shot,MUTAG,GraphCL+GPPT,0.4840±0.1578,0.3883±0.1543,0.3835±0.2627
Graph,3shot,MUTAG,GraphCL+Gprompt,0.6453±0.0546,0.6332±0.0495,0.6218±0.0740
Graph,3shot,MUTAG,GraphCL+GraphPrompter,0.5947±0.0726,0.5418±0.1129,0.5717±0.1010
Graph,3shot,MUTAG,GraphCL+Prodigy,0.6267±0.0540,0.5994±0.0449,0.6904±0.0273
Graph,3shot,MUTAG,GraphCL+RELIEF,0.5293±0.1466,0.3533±0.0524,0.4841±0.0294
Graph,3shot,MUTAG,GraphMAE+All-in-one,0.7667±0.0202,0.7529±0.0195,0.8716±0.0106
Graph,3shot,MUTAG,GraphMAE+DAGPrompT,0.6067±0.0456,0.5892±0.0318,0.6188±0.0334
Graph,3shot,MUTAG,GraphMAE+EdgePrompt,0.4787±0.1538,0.3590±0.1206,0.7316±0.0144
Graph,3shot,MUTAG,GraphMAE+EdgePromptplus,0.3520±0.0050,0.2603±0.0027,0.7103±0.0143
Graph,3shot,MUTAG,GraphMAE+GPF,0.6333±0.0422,0.5968±0.0532,0.7286±0.0101
Graph,3shot,MUTAG,GraphMAE+GPF-plus,0.6280±0.0483,0.5715±0.0239,0.6725±0.0173
Graph,3shot,MUTAG,GraphMAE+GPPT,0.5253±0.1436,0.4389±0.1474,0.4837±0.3004
Graph,3shot,MUTAG,GraphMAE+Gprompt,0.6067±0.0785,0.5737±0.0700,0.6020±0.0959
Graph,3shot,MUTAG,GraphMAE+GraphPrompter,0.5413±0.1143,0.4576±0.1008,0.5379±0.0413
Graph,3shot,MUTAG,GraphMAE+Prodigy,0.5533±0.0782,0.4704±0.0469,0.5732±0.0304
Graph,3shot,MUTAG,GraphMAE+RELIEF,0.5960±0.1182,0.3827±0.0651,0.5065±0.0130
Graph,3shot,MUTAG,None+All-in-one,0.7680±0.0154,0.7536±0.0168,0.8797±0.0069
Graph,3shot,MUTAG,None+DAGPrompT,0.6027±0.0427,0.5844±0.0280,0.6202±0.0319
Graph,3shot,MUTAG,None+EdgePrompt,0.3520±0.0050,0.2603±0.0027,0.6712±0.0156
Graph,3shot,MUTAG,None+EdgePromptplus,0.6547±0.0221,0.5903±0.0459,0.7461±0.0114
Graph,3shot,MUTAG,None+GPF,0.6307±0.0503,0.5993±0.0487,0.7202±0.0150
Graph,3shot,MUTAG,None+GPF-plus,0.6253±0.0586,0.5887±0.0340,0.6563±0.0410
Graph,3shot,MUTAG,None+GPPT,0.4093±0.1154,0.3287±0.1370,0.2372±0.2278
Graph,3shot,MUTAG,None+Gprompt,0.5867±0.0752,0.5580±0.0719,0.5619±0.0894
Graph,3shot,MUTAG,None+GraphPrompter,0.6267±0.0720,0.5821±0.0527,0.6075±0.0346
Graph,3shot,MUTAG,None+None,0.6173±0.0383,0.5451±0.0394,0.6933±0.0130
Graph,3shot,MUTAG,None+Prodigy,0.6480±0.0616,0.5892±0.0676,0.6617±0.0548
Graph,3shot,MUTAG,None+RELIEF,0.5387±0.1516,0.3941±0.1450,0.5322±0.0644
Graph,3shot,PROTEINS,DGI+All-in-one,0.4009±0.0819,0.3995±0.0824,0.4077±0.1188
Graph,3shot,PROTEINS,DGI+DAGPrompT,0.5571±0.0994,0.5358±0.0912,0.5491±0.0742
Graph,3shot,PROTEINS,DGI+EdgePrompt,0.4103±0.0045,0.2940±0.0036,0.5160±0.0233
Graph,3shot,PROTEINS,DGI+EdgePromptplus,0.6187±0.0107,0.5069±0.0483,0.5678±0.0172
Graph,3shot,PROTEINS,DGI+GPF,0.5306±0.0589,0.4880±0.0634,0.5578±0.0378
Graph,3shot,PROTEINS,DGI+GPF-plus,0.6063±0.0431,0.5695±0.0300,0.5763±0.0118
Graph,3shot,PROTEINS,DGI+GPPT,0.5596±0.0829,0.3858±0.0712,0.6375±0.1857
Graph,3shot,PROTEINS,DGI+Gprompt,0.5317±0.0880,0.5179±0.0766,0.5206±0.0645
Graph,3shot,PROTEINS,DGI+GraphPrompter,0.5537±0.0765,0.5161±0.0841,0.5500±0.0558
Graph,3shot,PROTEINS,DGI+Prodigy,0.5160±0.0673,0.4838±0.0727,0.5161±0.0317
Graph,3shot,PROTEINS,Edgepred_Gprompt+All-in-one,0.5443±0.0392,0.5153±0.0353,0.4816±0.0387
Graph,3shot,PROTEINS,Edgepred_Gprompt+DAGPrompT,0.5380±0.1031,0.5151±0.0935,0.5356±0.0713
Graph,3shot,PROTEINS,Edgepred_Gprompt+EdgePrompt,0.4890±0.0373,0.4795±0.0409,0.5905±0.0323
Graph,3shot,PROTEINS,Edgepred_Gprompt+EdgePromptplus,0.5948±0.0094,0.5754±0.0102,0.5918±0.0242
Graph,3shot,PROTEINS,Edgepred_Gprompt+GPF,0.6074±0.0335,0.5836±0.0322,0.6208±0.0090
Graph,3shot,PROTEINS,Edgepred_Gprompt+GPF-plus,0.4980±0.0140,0.4971±0.0126,0.5260±0.0089
Graph,3shot,PROTEINS,Edgepred_Gprompt+GPPT,0.5265±0.1126,0.5156±0.1033,0.5343±0.1334
Graph,3shot,PROTEINS,Edgepred_Gprompt+Gprompt,0.5227±0.0964,0.5083±0.0856,0.5338±0.1187
Graph,3shot,PROTEINS,Edgepred_Gprompt+GraphPrompter,0.5013±0.1026,0.4862±0.1033,0.4980±0.0933
Graph,3shot,PROTEINS,Edgepred_Gprompt+Prodigy,0.5708±0.0230,0.5525±0.0253,0.5443±0.0251
Graph,3shot,PROTEINS,GraphCL+All-in-one,0.5261±0.0619,0.4609±0.0686,0.5009±0.0593
Graph,3shot,PROTEINS,GraphCL+DAGPrompT,0.5782±0.1099,0.5474±0.1059,0.5639±0.0836
Graph,3shot,PROTEINS,GraphCL+EdgePrompt,0.6346±0.0112,0.5638±0.0580,0.5827±0.0098
Graph,3shot,PROTEINS,GraphCL+EdgePromptplus,0.6234±0.0087,0.5242±0.0310,0.4787±0.0145
Graph,3shot,PROTEINS,GraphCL+GPF,0.4191±0.0925,0.3655±0.0804,0.4141±0.0072
Graph,3shot,PROTEINS,GraphCL+GPF-plus,0.6029±0.0314,0.5684±0.0106,0.5869±0.0156
Graph,3shot,PROTEINS,GraphCL+GPPT,0.5171±0.1131,0.3965±0.1022,0.5565±0.2105
Graph,3shot,PROTEINS,GraphCL+Gprompt,0.5411±0.0945,0.5227±0.0900,0.5204±0.0681
Graph,3shot,PROTEINS,GraphCL+GraphPrompter,0.5688±0.1020,0.5447±0.0917,0.5523±0.0785
Graph,3shot,PROTEINS,GraphCL+Prodigy,0.4501±0.0483,0.4269±0.0675,0.5239±0.0220
Graph,3shot,PROTEINS,GraphMAE+All-in-one,0.4703±0.1451,0.4584±0.1380,0.4806±0.1693
Graph,3shot,PROTEINS,GraphMAE+DAGPrompT,0.5171±0.1052,0.4960±0.0990,0.5131±0.0813
Graph,3shot,PROTEINS,GraphMAE+EdgePrompt,0.4431±0.0756,0.3053±0.0338,0.5765±0.0509
Graph,3shot,PROTEINS,GraphMAE+EdgePromptplus,0.5728±0.0802,0.4212±0.0972,0.5831±0.0210
Graph,3shot,PROTEINS,GraphMAE+GPF,0.5604±0.0723,0.5379±0.0590,0.5731±0.0552
Graph,3shot,PROTEINS,GraphMAE+GPF-plus,0.6413±0.0185,0.5749±0.0775,0.5901±0.0194
Graph,3shot,PROTEINS,GraphMAE+GPPT,0.5292±0.1001,0.3885±0.1212,0.5397±0.2181
Graph,3shot,PROTEINS,GraphMAE+Gprompt,0.5375±0.1179,0.4973±0.1010,0.5231±0.0795
Graph,3shot,PROTEINS,GraphMAE+GraphPrompter,0.5128±0.1129,0.4441±0.1264,0.5139±0.0757
Graph,3shot,PROTEINS,GraphMAE+Prodigy,0.5135±0.0464,0.4950±0.0264,0.5158±0.0273
Graph,3shot,PROTEINS,None+All-in-one,0.5097±0.1326,0.4977±0.1251,0.4978±0.1541
Graph,3shot,PROTEINS,None+DAGPrompT,0.5229±0.1086,0.5000±0.1003,0.5166±0.0828
Graph,3shot,PROTEINS,None+EdgePrompt,0.6220±0.0216,0.4821±0.0728,0.5760±0.0119
Graph,3shot,PROTEINS,None+EdgePromptplus,0.5930±0.0033,0.3790±0.0140,0.5511±0.0150
Graph,3shot,PROTEINS,None+GPF,0.5609±0.0826,0.5128±0.0834,0.4981±0.0593
Graph,3shot,PROTEINS,None+GPF-plus,0.6353±0.0162,0.5838±0.0491,0.5870±0.0207
Graph,3shot,PROTEINS,None+GPPT,0.5530±0.0755,0.3560±0.0347,0.6390±0.1815
Graph,3shot,PROTEINS,None+Gprompt,0.5270±0.1155,0.4855±0.0986,0.5284±0.0506
Graph,3shot,PROTEINS,None+GraphPrompter,0.5036±0.1111,0.4383±0.1058,0.5081±0.0621
Graph,3shot,PROTEINS,None+None,0.5526±0.1103,0.5140±0.0967,0.5485±0.0498
Graph,3shot,PROTEINS,None+Prodigy,0.4775±0.0536,0.4501±0.0623,0.5247±0.0324
Graph,5shot,MUTAG,DGI+All-in-one,0.7813±0.0115,0.7647±0.0130,0.8827±0.0112
Graph,5shot,MUTAG,DGI+DAGPrompT,0.6840±0.0727,0.6683±0.0669,0.6908±0.0606
Graph,5shot,MUTAG,DGI+EdgePrompt,0.3373±0.0116,0.2522±0.0065,0.5728±0.0421
Graph,5shot,MUTAG,DGI+EdgePromptplus,0.3373±0.0116,0.2522±0.0065,0.4381±0.0458
Graph,5shot,MUTAG,DGI+GPF,0.6467±0.0420,0.6289±0.0319,0.7158±0.0276
Graph,5shot,MUTAG,DGI+GPF-plus,0.6973±0.0502,0.6721±0.0413,0.7391±0.0538
Graph,5shot,MUTAG,DGI+GPPT,0.5533±0.1942,0.4793±0.1954,0.5618±0.3174
Graph,5shot,MUTAG,DGI+Gprompt,0.6147±0.1310,0.5707±0.1176,0.6359±0.0692
Graph,5shot,MUTAG,DGI+GraphPrompter,0.6760±0.0726,0.6310±0.0799,0.6409±0.0812
Graph,5shot,MUTAG,DGI+Prodigy,0.6347±0.0679,0.5748±0.0371,0.6694±0.0214
Graph,5shot,MUTAG,DGI+RELIEF,0.6040±0.1256,0.3722±0.0556,0.5000±0.0000
Graph,5shot,MUTAG,Edgepred_Gprompt+All-in-one,0.7173±0.0131,0.7028±0.0126,0.8096±0.0160
Graph,5shot,MUTAG,Edgepred_Gprompt+DAGPrompT,0.6840±0.0692,0.6690±0.0590,0.6947±0.0430
Graph,5shot,MUTAG,Edgepred_Gprompt+EdgePrompt,0.5760±0.0108,0.5758±0.0107,0.7943±0.0214
Graph,5shot,MUTAG,Edgepred_Gprompt+EdgePromptplus,0.4627±0.0200,0.4369±0.0247,0.7954±0.0190
Graph,5shot,MUTAG,Edgepred_Gprompt+GPF,0.6467±0.0577,0.6242±0.0476,0.7243±0.0383
Graph,5shot,MUTAG,Edgepred_Gprompt+GPF-plus,0.6920±0.0807,0.6701±0.0741,0.7728±0.0322
Graph,5shot,MUTAG,Edgepred_Gprompt+GPPT,0.6520±0.0480,0.6475±0.0439,0.7484±0.0281
Graph,5shot,MUTAG,Edgepred_Gprompt+Gprompt,0.6787±0.0728,0.6571±0.0572,0.6957±0.0733
Graph,5shot,MUTAG,Edgepred_Gprompt+GraphPrompter,0.5907±0.1500,0.5449±0.1588,0.6037±0.0771
Graph,5shot,MUTAG,Edgepred_Gprompt+Prodigy,0.6160±0.0455,0.5908±0.0430,0.6608±0.0621
Graph,5shot,MUTAG,Edgepred_Gprompt+RELIEF,0.5253±0.1708,0.3608±0.1062,0.5041±0.0274
Graph,5shot,MUTAG,GraphCL+All-in-one,0.7093±0.0161,0.6965±0.0161,0.7941±0.0134
Graph,5shot,MUTAG,GraphCL+DAGPrompT,0.6693±0.0463,0.6521±0.0374,0.6736±0.0310
Graph,5shot,MUTAG,GraphCL+EdgePrompt,0.5013±0.0302,0.4878±0.0363,0.7139±0.0157
Graph,5shot,MUTAG,GraphCL+EdgePromptplus,0.6613±0.0385,0.6482±0.0323,0.7099±0.0160
Graph,5shot,MUTAG,GraphCL+GPF,0.6613±0.0558,0.6478±0.0463,0.7361±0.0275
Graph,5shot,MUTAG,GraphCL+GPF-plus,0.5893±0.0579,0.5836±0.0588,0.6856±0.0105
Graph,5shot,MUTAG,GraphCL+GPPT,0.5213±0.1738,0.4781±0.1734,0.5330±0.2589
Graph,5shot,MUTAG,GraphCL+Gprompt,0.6360±0.0386,0.6248±0.0298,0.6227±0.0293
Graph,5shot,MUTAG,GraphCL+GraphPrompter,0.6000±0.0975,0.5766±0.0886,0.6339±0.0214
Graph,5shot,MUTAG,GraphCL+Prodigy,0.5973±0.0406,0.5854±0.0387,0.6784±0.0351
Graph,5shot,MUTAG,GraphCL+RELIEF,0.4040±0.1318,0.2822±0.0593,0.5000±0.0000
Graph,5shot,MUTAG,GraphMAE+All-in-one,0.7667±0.0184,0.7491±0.0175,0.8701±0.0130
Graph,5shot,MUTAG,GraphMAE+DAGPrompT,0.6640±0.0449,0.6479±0.0381,0.6708±0.0349
Graph,5shot,MUTAG,GraphMAE+EdgePrompt,0.5427±0.1632,0.4543±0.1673,0.7427±0.0229
Graph,5shot,MUTAG,GraphMAE+EdgePromptplus,0.6667±0.0174,0.5723±0.0836,0.7370±0.0192
Graph,5shot,MUTAG,GraphMAE+GPF,0.6787±0.0296,0.6616±0.0247,0.7335±0.0187
Graph,5shot,MUTAG,GraphMAE+GPF-plus,0.6840±0.0667,0.6680±0.0581,0.7410±0.0257
Graph,5shot,MUTAG,GraphMAE+GPPT,0.6640±0.0225,0.5855±0.0434,0.7421±0.0129
Graph,5shot,MUTAG,GraphMAE+Gprompt,0.6587±0.0845,0.6348±0.0701,0.6808±0.0558
Graph,5shot,MUTAG,GraphMAE+GraphPrompter,0.6440±0.0655,0.6149±0.0402,0.6494±0.0284
Graph,5shot,MUTAG,GraphMAE+Prodigy,0.5360±0.0952,0.5287±0.0973,0.6863±0.0594
Graph,5shot,MUTAG,GraphMAE+RELIEF,0.4707±0.1604,0.3122±0.0718,0.5000±0.0000
Graph,5shot,MUTAG,None+All-in-one,0.7800±0.0126,0.7638±0.0139,0.8814±0.0113
Graph,5shot,MUTAG,None+DAGPrompT,0.6827±0.0675,0.6651±0.0602,0.6846±0.0522
Graph,5shot,MUTAG,None+EdgePrompt,0.3373±0.0116,0.2522±0.0065,0.6557±0.0134
Graph,5shot,MUTAG,None+EdgePromptplus,0.6080±0.0967,0.5778±0.0959,0.7315±0.0190
Graph,5shot,MUTAG,None+GPF,0.6800±0.0415,0.6639±0.0330,0.7412±0.0243
Graph,5shot,MUTAG,None+GPF-plus,0.6680±0.0582,0.6524±0.0513,0.7345±0.0225
Graph,5shot,MUTAG,None+GPPT,0.6600±0.0158,0.5991±0.0394,0.7363±0.0230
Graph,5shot,MUTAG,None+Gprompt,0.6933±0.0586,0.6667±0.0384,0.6721±0.0579
Graph,5shot,MUTAG,None+GraphPrompter,0.6213±0.0537,0.5131±0.0725,0.5782±0.0578
Graph,5shot,MUTAG,None+None,0.6680±0.0580,0.6527±0.0507,0.7409±0.0258
Graph,5shot,MUTAG,None+Prodigy,0.6853±0.0221,0.6460±0.0572,0.7007±0.0504
Graph,5shot,MUTAG,None+RELIEF,0.4080±0.1305,0.3008±0.0641,0.4928±0.0144
Graph,5shot,PROTEINS,DGI+All-in-one,0.6184±0.0627,0.5977±0.0567,0.6880±0.0086
Graph,5shot,PROTEINS,DGI+DAGPrompT,0.5544±0.0768,0.5244±0.0791,0.5279±0.0787
Graph,5shot,PROTEINS,DGI+EdgePrompt,0.5564±0.0744,0.3564±0.0334,0.5307±0.0176
Graph,5shot,PROTEINS,DGI+EdgePromptplus,0.5737±0.0381,0.4100±0.0441,0.4775±0.0366
Graph,5shot,PROTEINS,DGI+GPF,0.5996±0.0566,0.5834±0.0479,0.5816±0.0071
Graph,5shot,PROTEINS,DGI+GPF-plus,0.5975±0.0628,0.5826±0.0565,0.5875±0.0130
Graph,5shot,PROTEINS,DGI+GPPT,0.5942±0.0056,0.4150±0.0846,0.7004±0.0498
Graph,5shot,PROTEINS,DGI+Gprompt,0.5602±0.0606,0.5391±0.0594,0.5134±0.0577
Graph,5shot,PROTEINS,DGI+GraphPrompter,0.5052±0.0716,0.4605±0.0997,0.5154±0.0471
Graph,5shot,PROTEINS,DGI+Prodigy,0.4926±0.0544,0.4784±0.0394,0.5226±0.0314
Graph,5shot,PROTEINS,Edgepred_Gprompt+All-in-one,0.5903±0.0417,0.5777±0.0370,0.6073±0.0210
Graph,5shot,PROTEINS,Edgepred_Gprompt+DAGPrompT,0.5458±0.0694,0.5188±0.0673,0.5227±0.0694
Graph,5shot,PROTEINS,Edgepred_Gprompt+EdgePrompt,0.5598±0.0390,0.5119±0.0139,0.4975±0.0560
Graph,5shot,PROTEINS,Edgepred_Gprompt+EdgePromptplus,0.5474±0.0791,0.5360±0.0707,0.5293±0.0487
Graph,5shot,PROTEINS,Edgepred_Gprompt+GPF,0.6009±0.0558,0.5842±0.0443,0.5848±0.0084
Graph,5shot,PROTEINS,Edgepred_Gprompt+GPF-plus,0.5861±0.0540,0.5644±0.0437,0.5808±0.0246
Graph,5shot,PROTEINS,Edgepred_Gprompt+GPPT,0.4915±0.1304,0.4569±0.1043,0.5012±0.1895
Graph,5shot,PROTEINS,Edgepred_Gprompt+Gprompt,0.5708±0.0871,0.5409±0.0837,0.5501±0.1352
Graph,5shot,PROTEINS,Edgepred_Gprompt+GraphPrompter,0.6261±0.0261,0.5503±0.0315,0.5725±0.0205
Graph,5shot,PROTEINS,Edgepred_Gprompt+Prodigy,0.5854±0.0407,0.5749±0.0335,0.5707±0.0246
Graph,5shot,PROTEINS,GraphCL+All-in-one,0.6299±0.0706,0.6150±0.0699,0.6458±0.0207
Graph,5shot,PROTEINS,GraphCL+DAGPrompT,0.5652±0.0624,0.5345±0.0686,0.5389±0.0676
Graph,5shot,PROTEINS,GraphCL+EdgePrompt,0.4299±0.0438,0.4105±0.0591,0.5743±0.0082
Graph,5shot,PROTEINS,GraphCL+EdgePromptplus,0.6481±0.0100,0.6116±0.0118,0.5901±0.0066
Graph,5shot,PROTEINS,GraphCL+GPF,0.5953±0.0639,0.5771±0.0540,0.5862±0.0144
Graph,5shot,PROTEINS,GraphCL+GPF-plus,0.5980±0.0671,0.5789±0.0581,0.5861±0.0118
Graph,5shot,PROTEINS,GraphCL+GPPT,0.5822±0.1041,0.5145±0.1140,0.6406±0.1480
Graph,5shot,PROTEINS,GraphCL+Gprompt,0.5726±0.0893,0.5594±0.0822,0.5592±0.0708
Graph,5shot,PROTEINS,GraphCL+GraphPrompter,0.5427±0.0880,0.5002±0.1043,0.5458±0.0439
Graph,5shot,PROTEINS,GraphCL+Prodigy,0.5809±0.0216,0.5736±0.0135,0.5755±0.0074
Graph,5shot,PROTEINS,GraphMAE+All-in-one,0.6184±0.0667,0.5930±0.0656,0.6516±0.0090
Graph,5shot,PROTEINS,GraphMAE+DAGPrompT,0.5427±0.0717,0.5126±0.0746,0.5167±0.0747
Graph,5shot,PROTEINS,GraphMAE+EdgePrompt,0.5231±0.0886,0.3412±0.0393,0.4766±0.0161
Graph,5shot,PROTEINS,GraphMAE+EdgePromptplus,0.5915±0.0053,0.3716±0.0021,0.5022±0.0111
Graph,5shot,PROTEINS,GraphMAE+GPF,0.5670±0.0370,0.5030±0.0334,0.4817±0.0969
Graph,5shot,PROTEINS,GraphMAE+GPF-plus,0.5789±0.0479,0.4869±0.0637,0.4916±0.0316
Graph,5shot,PROTEINS,GraphMAE+GPPT,0.5528±0.0749,0.3544±0.0335,0.6403±0.1823
Graph,5shot,PROTEINS,GraphMAE+Gprompt,0.5676±0.0674,0.5395±0.0713,0.5279±0.0476
Graph,5shot,PROTEINS,GraphMAE+GraphPrompter,0.5793±0.0540,0.4912±0.0397,0.5386±0.0198
Graph,5shot,PROTEINS,GraphMAE+Prodigy,0.5294±0.0718,0.4660±0.0527,0.5012±0.0168
Graph,5shot,PROTEINS,None+All-in-one,0.6402±0.0742,0.5985±0.0741,0.6798±0.0302
Graph,5shot,PROTEINS,None+DAGPrompT,0.5389±0.0801,0.5145±0.0772,0.5176±0.0788
Graph,5shot,PROTEINS,None+EdgePrompt,0.5578±0.0711,0.3566±0.0315,0.5243±0.0243
Graph,5shot,PROTEINS,None+EdgePromptplus,0.5915±0.0053,0.3716±0.0021,0.4924±0.0412
Graph,5shot,PROTEINS,None+GPF,0.5804±0.0343,0.5252±0.0401,0.4897±0.0804
Graph,5shot,PROTEINS,None+GPF-plus,0.5915±0.0236,0.4911±0.0686,0.5492±0.0770
Graph,5shot,PROTEINS,None+GPPT,0.5694±0.0785,0.4417±0.1214,0.6217±0.1781
Graph,5shot,PROTEINS,None+Gprompt,0.5571±0.0752,0.5243±0.0798,0.5241±0.0405
Graph,5shot,PROTEINS,None+GraphPrompter,0.5791±0.0553,0.4964±0.0857,0.5362±0.0602
Graph,5shot,PROTEINS,None+None,0.5551±0.0537,0.5041±0.0542,0.4664±0.0853
Graph,5shot,PROTEINS,None+Prodigy,0.5139±0.0580,0.4748±0.0942,0.4980±0.0222
Node,1shot,Cora,DGI+All-in-one,0.1771±0.0762,0.0819±0.0332,0.6605±0.0744
Node,1shot,Cora,DGI+EdgePrompt,0.1619±0.0345,0.0973±0.0295,0.5117±0.0189
Node,1shot,Cora,DGI+EdgePromptplus,0.1835±0.0498,0.1183±0.0397,0.5492±0.0205
Node,1shot,Cora,DGI+GPF,0.3276±0.0560,0.1522±0.0320,0.7699±0.0513
Node,1shot,Cora,DGI+GPF-plus,0.3588±0.0939,0.2001±0.0528,0.7939±0.0461
Node,1shot,Cora,DGI+GPPT,0.1035±0.0167,0.0305±0.0070,0.5126±0.0193
Node,1shot,Cora,DGI+Gprompt,0.4149±0.1013,0.3272±0.0700,0.7048±0.0378
Node,1shot,Cora,DGI+GraphPrompter,0.1423±0.0520,0.0735±0.0248,0.5103±0.0185
Node,1shot,Cora,DGI+PSP,0.1160±0.0412,0.0310±0.0110,0.5096±0.0101
Node,1shot,Cora,DGI+ProNoG,0.1769±0.0182,0.1449±0.0166,0.5272±0.0375
Node,1shot,Cora,DGI+Prodigy,0.1575±0.0566,0.0880±0.0252,0.5151±0.0158
Node,1shot,Cora,DGI+RELIEF,0.1517±0.0781,0.0000±0.0000,0.0000±0.0000
Node,1shot,Cora,DGI+SelfPro,0.1507±0.0486,0.1102±0.0348,0.7346±0.0236
Node,1shot,Cora,DGI+UniPrompt,0.1488±0.0316,0.0766±0.0277,0.5364±0.0147
Node,1shot,Cora,Edgepred_Gprompt+All-in-one,0.2019±0.0403,0.0842±0.0348,0.7511±0.0436
Node,1shot,Cora,Edgepred_Gprompt+EdgePrompt,0.2179±0.0502,0.1963±0.0351,0.6335±0.0211
Node,1shot,Cora,Edgepred_Gprompt+EdgePromptplus,0.2082±0.0452,0.1794±0.0428,0.6213±0.0304
Node,1shot,Cora,Edgepred_Gprompt+GPF,0.2742±0.0549,0.0832±0.0392,0.7236±0.0869
Node,1shot,Cora,Edgepred_Gprompt+GPF-plus,0.4722±0.0904,0.4320±0.0874,0.8566±0.0184
Node,1shot,Cora,Edgepred_Gprompt+GPPT,0.1839±0.0332,0.1023±0.0145,0.6624±0.0341
Node,1shot,Cora,Edgepred_Gprompt+Gprompt,0.4844±0.0996,0.4612±0.0840,0.8247±0.0353
Node,1shot,Cora,Edgepred_Gprompt+GraphPrompter,0.2287±0.0408,0.2054±0.0284,0.6375±0.0180
Node,1shot,Cora,Edgepred_Gprompt+PSP,0.0982±0.0342,0.0295±0.0080,0.5483±0.0341
Node,1shot,Cora,Edgepred_Gprompt+ProNoG,0.2344±0.0412,0.2193±0.0377,0.6370±0.0319
Node,1shot,Cora,Edgepred_Gprompt+Prodigy,0.1855±0.0657,0.0754±0.0198,0.6309±0.0202
Node,1shot,Cora,Edgepred_Gprompt+RELIEF,0.1126±0.0385,0.0000±0.0000,0.0000±0.0000
Node,1shot,Cora,Edgepred_Gprompt+SelfPro,0.2303±0.0401,0.1935±0.0255,0.6462±0.0135
Node,1shot,Cora,Edgepred_Gprompt+UniPrompt,0.2158±0.0263,0.1883±0.0135,0.6193±0.0154
Node,1shot,Cora,GraphCL+All-in-one,0.2982±0.1031,0.2110±0.0922,0.6915±0.0884
Node,1shot,Cora,GraphCL+EdgePrompt,0.3560±0.0253,0.3439±0.0175,0.7497±0.0114
Node,1shot,Cora,GraphCL+EdgePromptplus,0.2590±0.0409,0.2609±0.0480,0.6751±0.0548
Node,1shot,Cora,GraphCL+GPF,0.3698±0.0537,0.2578±0.0484,0.7595±0.0530
Node,1shot,Cora,GraphCL+GPF-plus,0.5380±0.0628,0.4209±0.0678,0.8683±0.0371
Node,1shot,Cora,GraphCL+GPPT,0.3113±0.0482,0.2947±0.0539,0.7106±0.0518
Node,1shot,Cora,GraphCL+Gprompt,0.4067±0.0966,0.3730±0.0963,0.7677±0.0732
Node,1shot,Cora,GraphCL+GraphPrompter,0.3208±0.0799,0.3005±0.0506,0.7128±0.0476
Node,1shot,Cora,GraphCL+PSP,0.1020±0.0509,0.0726±0.0310,0.4508±0.0521
Node,1shot,Cora,GraphCL+ProNoG,0.4083±0.0585,0.3355±0.0467,0.7366±0.0427
Node,1shot,Cora,GraphCL+Prodigy,0.3563±0.0911,0.3460±0.0926,0.7667±0.0482
Node,1shot,Cora,GraphCL+RELIEF,0.1671±0.0886,0.0000±0.0000,0.0000±0.0000
Node,1shot,Cora,GraphCL+SelfPro,0.3373±0.0432,0.2915±0.0270,0.7308±0.0077
Node,1shot,Cora,GraphCL+UniPrompt,0.3110±0.0488,0.3098±0.0348,0.7173±0.0359
Node,1shot,Cora,GraphMAE+All-in-one,0.3328±0.1185,0.1769±0.0805,0.7964±0.0382
Node,1shot,Cora,GraphMAE+EdgePrompt,0.4109±0.0686,0.3107±0.0353,0.7962±0.0332
Node,1shot,Cora,GraphMAE+EdgePromptplus,0.3311±0.0888,0.2551±0.0383,0.7763±0.0379
Node,1shot,Cora,GraphMAE+GPF,0.1954±0.1083,0.0846±0.0695,0.8391±0.0238
Node,1shot,Cora,GraphMAE+GPF-plus,0.4319±0.1018,0.3884±0.1441,0.8257±0.0859
Node,1shot,Cora,GraphMAE+GPPT,0.2987±0.1001,0.2099±0.1054,0.7076±0.0340
Node,1shot,Cora,GraphMAE+Gprompt,0.5757±0.0930,0.4947±0.1131,0.8225±0.0696
Node,1shot,Cora,GraphMAE+GraphPrompter,0.4101±0.0676,0.3097±0.0354,0.7953±0.0340
Node,1shot,Cora,GraphMAE+PSP,0.0932±0.0365,0.0241±0.0085,0.4546±0.0707
Node,1shot,Cora,GraphMAE+ProNoG,0.4208±0.0636,0.3590±0.0306,0.7952±0.0235
Node,1shot,Cora,GraphMAE+Prodigy,0.2144±0.0430,0.1045±0.0199,0.7770±0.0426
Node,1shot,Cora,GraphMAE+RELIEF,0.1265±0.0375,0.0000±0.0000,0.0000±0.0000
Node,1shot,Cora,GraphMAE+SelfPro,0.4730±0.0571,0.3559±0.0529,0.8030±0.0200
Node,1shot,Cora,GraphMAE+UniPrompt,0.3820±0.0361,0.3071±0.0307,0.7962±0.0332
Node,1shot,Cora,MultiGprompt+MultiGprompt,0.5776±0.0485,0.5399±0.0439,0.8813±0.0164
Node,1shot,Cora,None+All-in-one,0.1312±0.0310,0.0369±0.0126,0.7473±0.0413
Node,1shot,Cora,None+EdgePrompt,0.2306±0.0407,0.1478±0.0071,0.6540±0.0214
Node,1shot,Cora,None+EdgePromptplus,0.2263±0.0475,0.1687±0.0557,0.6484±0.0156
Node,1shot,Cora,None+GPF,0.1831±0.0628,0.0436±0.0120,0.6787±0.0974
Node,1shot,Cora,None+GPF-plus,0.4926±0.1141,0.4556±0.1159,0.8678±0.0228
Node,1shot,Cora,None+GPPT,0.2612±0.0589,0.1668±0.0560,0.7033±0.0583
Node,1shot,Cora,None+Gprompt,0.5185±0.0831,0.4771±0.0932,0.8233±0.0627
Node,1shot,Cora,None+GraphPrompter,0.2150±0.0389,0.1513±0.0304,0.6588±0.0343
Node,1shot,Cora,None+None,0.2232±0.0613,0.1831±0.0720,0.7544±0.0363
Node,1shot,Cora,None+PSP,0.1115±0.0407,0.0290±0.0102,0.5074±0.0362
Node,1shot,Cora,None+ProNoG,0.2838±0.0400,0.2450±0.0386,0.6665±0.0424
Node,1shot,Cora,None+Prodigy,0.1416±0.0507,0.0526±0.0264,0.6548±0.0096
Node,1shot,Cora,None+RELIEF,0.1237±0.0414,0.0000±0.0000,0.0000±0.0000
Node,1shot,Cora,None+SelfPro,0.2455±0.0167,0.2175±0.0139,0.6356±0.0113
Node,1shot,Cora,None+UniPrompt,0.2131±0.0441,0.1619±0.0309,0.6239±0.0436
Node,1shot,Wisconsin,DGI+All-in-one,0.5290±0.0746,0.3163±0.0805,0.6745±0.0266
Node,1shot,Wisconsin,DGI+EdgePrompt,0.2514±0.1340,0.1882±0.0748,0.5528±0.0221
Node,1shot,Wisconsin,DGI+EdgePromptplus,0.2411±0.1276,0.1835±0.0681,0.5499±0.0203
Node,1shot,Wisconsin,DGI+GPF,0.6468±0.0478,0.4912±0.0261,0.7366±0.0383
Node,1shot,Wisconsin,DGI+GPF-plus,0.7622±0.0439,0.6692±0.0469,0.9152±0.0459
Node,1shot,Wisconsin,DGI+GPPT,0.2217±0.1531,0.0836±0.0544,0.5075±0.0302
Node,1shot,Wisconsin,DGI+Gprompt,0.7131±0.0508,0.5358±0.0590,0.7948±0.0290
Node,1shot,Wisconsin,DGI+GraphPrompter,0.2434±0.1242,0.1839±0.0630,0.5533±0.0199
Node,1shot,Wisconsin,DGI+PSP,0.1806±0.1280,0.0871±0.0403,0.5007±0.0398
Node,1shot,Wisconsin,DGI+ProNoG,0.2377±0.0974,0.2068±0.0735,0.5864±0.0413
Node,1shot,Wisconsin,DGI+Prodigy,0.2503±0.0849,0.1757±0.0416,0.5264±0.0475
Node,1shot,Wisconsin,DGI+RELIEF,0.2754±0.1722,0.0000±0.0000,0.0000±0.0000
Node,1shot,Wisconsin,DGI+SelfPro,0.4914±0.1183,0.4025±0.0902,0.7819±0.0262
Node,1shot,Wisconsin,DGI+UniPrompt,0.2777±0.1321,0.1943±0.0623,0.5560±0.0380
Node,1shot,Wisconsin,Edgepred_Gprompt+All-in-one,0.4921±0.0962,0.2739±0.0499,0.7430±0.0582
Node,1shot,Wisconsin,Edgepred_Gprompt+EdgePrompt,0.2297±0.0975,0.1710±0.0553,0.5451±0.0423
Node,1shot,Wisconsin,Edgepred_Gprompt+EdgePromptplus,0.2320±0.1156,0.1738±0.0718,0.5418±0.0438
Node,1shot,Wisconsin,Edgepred_Gprompt+GPF,0.7715±0.0268,0.6229±0.0642,0.8913±0.0270
Node,1shot,Wisconsin,Edgepred_Gprompt+GPF-plus,0.9138±0.0214,0.8254±0.0358,0.9751±0.0110
Node,1shot,Wisconsin,Edgepred_Gprompt+GPPT,0.2709±0.0795,0.2116±0.0410,0.5564±0.0300
Node,1shot,Wisconsin,Edgepred_Gprompt+Gprompt,0.8053±0.0199,0.6511±0.0376,0.9264±0.0299
Node,1shot,Wisconsin,Edgepred_Gprompt+GraphPrompter,0.2194±0.1005,0.1664±0.0644,0.5421±0.0501
Node,1shot,Wisconsin,Edgepred_Gprompt+PSP,0.1771±0.0834,0.1349±0.0279,0.4845±0.0345
Node,1shot,Wisconsin,Edgepred_Gprompt+ProNoG,0.2434±0.0950,0.2002±0.0553,0.5768±0.0526
Node,1shot,Wisconsin,Edgepred_Gprompt+Prodigy,0.2491±0.1175,0.1745±0.0670,0.5289±0.0510
Node,1shot,Wisconsin,Edgepred_Gprompt+RELIEF,0.1577±0.0529,0.0000±0.0000,0.0000±0.0000
Node,1shot,Wisconsin,Edgepred_Gprompt+SelfPro,0.4229±0.0911,0.3485±0.0615,0.7809±0.0127
Node,1shot,Wisconsin,Edgepred_Gprompt+UniPrompt,0.2503±0.0957,0.1876±0.0556,0.5540±0.0361
Node,1shot,Wisconsin,GraphCL+All-in-one,0.5746±0.0323,0.4272±0.0452,0.7455±0.0431
Node,1shot,Wisconsin,GraphCL+EdgePrompt,0.2686±0.0980,0.1766±0.0345,0.4932±0.0361
Node,1shot,Wisconsin,GraphCL+EdgePromptplus,0.2651±0.0905,0.1560±0.0357,0.5574±0.0402
Node,1shot,Wisconsin,GraphCL+GPF,0.5752±0.1709,0.3591±0.1051,0.7001±0.1043
Node,1shot,Wisconsin,GraphCL+GPF-plus,0.7158±0.0535,0.4651±0.0752,0.6983±0.1140
Node,1shot,Wisconsin,GraphCL+GPPT,0.2469±0.0533,0.1431±0.0333,0.5055±0.0355
Node,1shot,Wisconsin,GraphCL+Gprompt,0.8030±0.0483,0.6036±0.0372,0.8457±0.0691
Node,1shot,Wisconsin,GraphCL+GraphPrompter,0.2217±0.0645,0.1897±0.0410,0.5594±0.0472
Node,1shot,Wisconsin,GraphCL+PSP,0.1771±0.0921,0.1276±0.0428,0.5103±0.0382
Node,1shot,Wisconsin,GraphCL+ProNoG,0.2686±0.0619,0.2135±0.0449,0.5759±0.0118
Node,1shot,Wisconsin,GraphCL+Prodigy,0.2434±0.1245,0.1227±0.0679,0.5505±0.0409
Node,1shot,Wisconsin,GraphCL+RELIEF,0.2057±0.0663,0.0000±0.0000,0.0000±0.0000
Node,1shot,Wisconsin,GraphCL+SelfPro,0.5954±0.0704,0.4354±0.0577,0.8101±0.0136
Node,1shot,Wisconsin,GraphCL+UniPrompt,0.2537±0.1262,0.1787±0.0707,0.5546±0.0519
Node,1shot,Wisconsin,GraphMAE+RELIEF,0.1566±0.0392,0.0000±0.0000,0.0000±0.0000
Node,1shot,Wisconsin,MultiGprompt+MultiGprompt,0.1211±0.0797,0.1231±0.0373,0.6151±0.0625
Node,1shot,Wisconsin,None+All-in-one,0.2651±0.1250,0.1558±0.0639,0.6805±0.0575
Node,1shot,Wisconsin,None+EdgePrompt,0.2674±0.1193,0.1957±0.0387,0.5595±0.0529
Node,1shot,Wisconsin,None+EdgePromptplus,0.2857±0.1235,0.2089±0.0617,0.5594±0.0430
Node,1shot,Wisconsin,None+GPF,0.7761±0.0411,0.6480±0.0694,0.9070±0.0286
Node,1shot,Wisconsin,None+GPF-plus,0.7883±0.1140,0.6315±0.1240,0.9667±0.0213
Node,1shot,Wisconsin,None+GPPT,0.2857±0.1010,0.1978±0.0598,0.5490±0.0367
Node,1shot,Wisconsin,None+Gprompt,0.8134±0.0288,0.7091±0.0763,0.9286±0.0256
Node,1shot,Wisconsin,None+GraphPrompter,0.2606±0.1510,0.1889±0.0725,0.5553±0.0481
Node,1shot,Wisconsin,None+None,0.2811±0.1076,0.2013±0.0694,0.5611±0.0511
Node,1shot,Wisconsin,None+PSP,0.1234±0.0448,0.0996±0.0240,0.4879±0.0385
Node,1shot,Wisconsin,None+ProNoG,0.2743±0.1063,0.2235±0.0860,0.5958±0.0335
Node,1shot,Wisconsin,None+Prodigy,0.2606±0.1250,0.2048±0.0946,0.5584±0.0832
Node,1shot,Wisconsin,None+RELIEF,0.2057±0.1216,0.0000±0.0000,0.0000±0.0000
Node,1shot,Wisconsin,None+SelfPro,0.4914±0.1060,0.3604±0.0604,0.7829±0.0153
Node,1shot,Wisconsin,None+UniPrompt,0.2823±0.1203,0.1906±0.0533,0.5846±0.0442
Node,3shot,Cora,DGI+All-in-one,0.1893±0.0844,0.0790±0.0308,0.6876±0.0546
Node,3shot,Cora,DGI+EdgePrompt,0.1981±0.0617,0.1066±0.0362,0.5456±0.0284
Node,3shot,Cora,DGI+EdgePromptplus,0.1787±0.0424,0.0869±0.0362,0.5594±0.0087
Node,3shot,Cora,DGI+GPF,0.2721±0.0506,0.1391±0.0338,0.7833±0.0409
Node,3shot,Cora,DGI+GPF-plus,0.3127±0.0601,0.1931±0.0427,0.7997±0.0352
Node,3shot,Cora,DGI+GPPT,0.1246±0.0555,0.0458±0.0313,0.5409±0.0332
Node,3shot,Cora,DGI+Gprompt,0.4053±0.0569,0.3268±0.0477,0.6573±0.0330
Node,3shot,Cora,DGI+GraphPrompter,0.1888±0.0706,0.1011±0.0532,0.5761±0.0249
Node,3shot,Cora,DGI+PSP,0.1265±0.0170,0.0321±0.0038,0.5244±0.0331
Node,3shot,Cora,DGI+ProNoG,0.1746±0.0374,0.1445±0.0173,0.5347±0.0279
Node,3shot,Cora,DGI+Prodigy,0.1358±0.0399,0.0933±0.0236,0.5240±0.0186
Node,3shot,Cora,DGI+RELIEF,0.1499±0.0855,0.0000±0.0000,0.0000±0.0000
Node,3shot,Cora,DGI+SelfPro,0.2377±0.0864,0.2060±0.0865,0.7523±0.0284
Node,3shot,Cora,DGI+UniPrompt,0.1600±0.0508,0.0758±0.0188,0.5979±0.0276
Node,3shot,Cora,Edgepred_Gprompt+All-in-one,0.1793±0.0267,0.0682±0.0262,0.7751±0.0064
Node,3shot,Cora,Edgepred_Gprompt+EdgePrompt,0.2958±0.0233,0.2448±0.0233,0.6768±0.0172
Node,3shot,Cora,Edgepred_Gprompt+EdgePromptplus,0.2895±0.0300,0.2411±0.0306,0.6775±0.0089
Node,3shot,Cora,Edgepred_Gprompt+GPF,0.1406±0.0682,0.0572±0.0447,0.7240±0.0603
Node,3shot,Cora,Edgepred_Gprompt+GPF-plus,0.4645±0.0616,0.4586±0.0579,0.8341±0.0233
Node,3shot,Cora,Edgepred_Gprompt+GPPT,0.2038±0.0526,0.1251±0.0269,0.6438±0.0141
Node,3shot,Cora,Edgepred_Gprompt+Gprompt,0.5466±0.0541,0.5391±0.0428,0.8497±0.0229
Node,3shot,Cora,Edgepred_Gprompt+GraphPrompter,0.2995±0.0358,0.2561±0.0322,0.6922±0.0137
Node,3shot,Cora,Edgepred_Gprompt+PSP,0.1487±0.0832,0.0382±0.0153,0.4495±0.0428
Node,3shot,Cora,Edgepred_Gprompt+ProNoG,0.3042±0.0373,0.2913±0.0274,0.7082±0.0212
Node,3shot,Cora,Edgepred_Gprompt+Prodigy,0.1641±0.0362,0.0710±0.0561,0.6913±0.0195
Node,3shot,Cora,Edgepred_Gprompt+RELIEF,0.0998±0.0305,0.0000±0.0000,0.0000±0.0000
Node,3shot,Cora,Edgepred_Gprompt+SelfPro,0.2323±0.0292,0.1842±0.0156,0.6142±0.0142
Node,3shot,Cora,Edgepred_Gprompt+UniPrompt,0.2956±0.0297,0.2604±0.0303,0.6726±0.0165
Node,3shot,Cora,GraphCL+All-in-one,0.4075±0.1036,0.3457±0.0966,0.7185±0.0764
Node,3shot,Cora,GraphCL+EdgePrompt,0.3388±0.0542,0.3231±0.0441,0.7229±0.0435
Node,3shot,Cora,GraphCL+EdgePromptplus,0.4136±0.0656,0.3791±0.0617,0.7440±0.0475
Node,3shot,Cora,GraphCL+GPF,0.4775±0.0854,0.3210±0.0752,0.8050±0.0312
Node,3shot,Cora,GraphCL+GPF-plus,0.3724±0.1320,0.2643±0.0957,0.8036±0.0279
Node,3shot,Cora,GraphCL+GPPT,0.5324±0.0780,0.4972±0.0619,0.8435±0.0281
Node,3shot,Cora,GraphCL+Gprompt,0.4675±0.0719,0.4312±0.0661,0.8115±0.0359
Node,3shot,Cora,GraphCL+GraphPrompter,0.4399±0.0445,0.3953±0.0208,0.7610±0.0290
Node,3shot,Cora,GraphCL+PSP,0.1788±0.0977,0.1071±0.0458,0.4809±0.0615
Node,3shot,Cora,GraphCL+ProNoG,0.3764±0.0806,0.3571±0.0826,0.7672±0.0619
Node,3shot,Cora,GraphCL+Prodigy,0.4664±0.0833,0.3971±0.0798,0.7907±0.0504
Node,3shot,Cora,GraphCL+RELIEF,0.0904±0.0449,0.0000±0.0000,0.0000±0.0000
Node,3shot,Cora,GraphCL+SelfPro,0.2968±0.0467,0.2181±0.0620,0.7289±0.0315
Node,3shot,Cora,GraphCL+UniPrompt,0.4584±0.0285,0.4349±0.0285,0.7815±0.0142
Node,3shot,Cora,GraphMAE+All-in-one,0.2652±0.0692,0.1470±0.0475,0.8057±0.0105
Node,3shot,Cora,GraphMAE+EdgePrompt,0.5338±0.0261,0.3930±0.0206,0.8566±0.0305
Node,3shot,Cora,GraphMAE+EdgePromptplus,0.5339±0.0254,0.3937±0.0205,0.8566±0.0308
Node,3shot,Cora,GraphMAE+GPF,0.2441±0.0912,0.1644±0.0785,0.8318±0.0258
Node,3shot,Cora,GraphMAE+GPF-plus,0.5075±0.0506,0.4952±0.0502,0.8530±0.0367
Node,3shot,Cora,GraphMAE+GPPT,0.3766±0.1207,0.3158±0.0781,0.7774±0.0455
Node,3shot,Cora,GraphMAE+Gprompt,0.6319±0.0278,0.5693±0.0300,0.8283±0.0325
Node,3shot,Cora,GraphMAE+GraphPrompter,0.5346±0.0264,0.3941±0.0204,0.8566±0.0305
Node,3shot,Cora,GraphMAE+PSP,0.1506±0.0848,0.0398±0.0178,0.4740±0.0645
Node,3shot,Cora,GraphMAE+ProNoG,0.5218±0.0599,0.4407±0.0856,0.8055±0.0423
Node,3shot,Cora,GraphMAE+Prodigy,0.2766±0.0760,0.1276±0.0343,0.8185±0.0441
Node,3shot,Cora,GraphMAE+RELIEF,0.1209±0.0345,0.0000±0.0000,0.0000±0.0000
Node,3shot,Cora,GraphMAE+SelfPro,0.4935±0.0276,0.3895±0.0454,0.8202±0.0129
Node,3shot,Cora,GraphMAE+UniPrompt,0.5412±0.0466,0.4129±0.0313,0.8705±0.0273
Node,3shot,Cora,MultiGprompt+MultiGprompt,0.6707±0.0575,0.6357±0.0618,0.9118±0.0146
Node,3shot,Cora,None+All-in-one,0.1735±0.0403,0.0669±0.0562,0.7591±0.0200
Node,3shot,Cora,None+EdgePrompt,0.3222±0.0931,0.2460±0.0739,0.7302±0.0098
Node,3shot,Cora,None+EdgePromptplus,0.2983±0.0628,0.2096±0.0524,0.7269±0.0325
Node,3shot,Cora,None+GPF,0.1731±0.0997,0.0611±0.0548,0.7425±0.0399
Node,3shot,Cora,None+GPF-plus,0.5207±0.0944,0.5036±0.0655,0.8735±0.0219
Node,3shot,Cora,None+GPPT,0.2755±0.0909,0.2383±0.0719,0.7475±0.0508
Node,3shot,Cora,None+Gprompt,0.5745±0.0666,0.5680±0.0553,0.8616±0.0270
Node,3shot,Cora,None+GraphPrompter,0.2588±0.0484,0.1889±0.0416,0.7410±0.0233
Node,3shot,Cora,None+None,0.4096±0.1174,0.4123±0.0975,0.8505±0.0444
Node,3shot,Cora,None+PSP,0.1511±0.0813,0.0407±0.0151,0.4623±0.0538
Node,3shot,Cora,None+ProNoG,0.4325±0.0697,0.4213±0.0660,0.7722±0.0438
Node,3shot,Cora,None+Prodigy,0.2425±0.0817,0.0737±0.0123,0.7434±0.0314
Node,3shot,Cora,None+RELIEF,0.1262±0.0295,0.0000±0.0000,0.0000±0.0000
Node,3shot,Cora,None+SelfPro,0.2551±0.0225,0.2309±0.0175,0.6510±0.0076
Node,3shot,Cora,None+UniPrompt,0.2739±0.0844,0.1914±0.0501,0.7205±0.0516
Node,3shot,Wisconsin,DGI+All-in-one,0.4624±0.1992,0.3140±0.1218,0.6599±0.1047
Node,3shot,Wisconsin,DGI+EdgePrompt,0.3634±0.0663,0.2893±0.0455,0.5994±0.0466
Node,3shot,Wisconsin,DGI+EdgePromptplus,0.3817±0.0722,0.2897±0.0466,0.6017±0.0472
Node,3shot,Wisconsin,DGI+GPF,0.6993±0.1289,0.6135±0.0588,0.7947±0.0422
Node,3shot,Wisconsin,DGI+GPF-plus,0.8651±0.1260,0.7746±0.0780,0.9388±0.0506
Node,3shot,Wisconsin,DGI+GPPT,0.1691±0.1167,0.1030±0.0869,0.5360±0.0348
Node,3shot,Wisconsin,DGI+Gprompt,0.5200±0.1961,0.4930±0.1184,0.7835±0.0721
Node,3shot,Wisconsin,DGI+GraphPrompter,0.3726±0.0543,0.2938±0.0446,0.5946±0.0477
Node,3shot,Wisconsin,DGI+PSP,0.1017±0.0189,0.0747±0.0097,0.4926±0.0550
Node,3shot,Wisconsin,DGI+ProNoG,0.3371±0.1028,0.3044±0.0748,0.6460±0.0576
Node,3shot,Wisconsin,DGI+Prodigy,0.3200±0.0489,0.2462±0.0436,0.5807±0.0509
Node,3shot,Wisconsin,DGI+RELIEF,0.2411±0.1595,0.0000±0.0000,0.0000±0.0000
Node,3shot,Wisconsin,DGI+SelfPro,0.4891±0.0982,0.3979±0.0857,0.8161±0.0251
Node,3shot,Wisconsin,DGI+UniPrompt,0.3623±0.0691,0.2950±0.0465,0.6107±0.0466
Node,3shot,Wisconsin,Edgepred_Gprompt+All-in-one,0.4116±0.1073,0.2706±0.0515,0.7785±0.0499
Node,3shot,Wisconsin,Edgepred_Gprompt+EdgePrompt,0.3006±0.0399,0.2420±0.0160,0.5960±0.0227
Node,3shot,Wisconsin,Edgepred_Gprompt+EdgePromptplus,0.3246±0.0267,0.2765±0.0229,0.6135±0.0184
Node,3shot,Wisconsin,Edgepred_Gprompt+GPF,0.8442±0.1229,0.7545±0.0855,0.9425±0.0373
Node,3shot,Wisconsin,Edgepred_Gprompt+GPF-plus,0.8738±0.1279,0.8064±0.1034,0.9865±0.0165
Node,3shot,Wisconsin,Edgepred_Gprompt+GPPT,0.3097±0.0301,0.2553±0.0226,0.5991±0.0207
Node,3shot,Wisconsin,Edgepred_Gprompt+Gprompt,0.8562±0.1308,0.8151±0.0964,0.9527±0.0506
Node,3shot,Wisconsin,Edgepred_Gprompt+GraphPrompter,0.3017±0.0417,0.2542±0.0473,0.5917±0.0324
Node,3shot,Wisconsin,Edgepred_Gprompt+PSP,0.2503±0.0865,0.1499±0.0276,0.5381±0.0359
Node,3shot,Wisconsin,Edgepred_Gprompt+ProNoG,0.3726±0.0665,0.3206±0.0455,0.6507±0.0569
Node,3shot,Wisconsin,Edgepred_Gprompt+Prodigy,0.3211±0.0560,0.2440±0.0122,0.5935±0.0166
Node,3shot,Wisconsin,Edgepred_Gprompt+RELIEF,0.2514±0.0945,0.0000±0.0000,0.0000±0.0000
Node,3shot,Wisconsin,Edgepred_Gprompt+SelfPro,0.4709±0.1005,0.3755±0.0525,0.7864±0.0148
Node,3shot,Wisconsin,Edgepred_Gprompt+UniPrompt,0.2937±0.0316,0.2379±0.0238,0.6015±0.0077
Node,3shot,Wisconsin,GraphCL+All-in-one,0.6419±0.0836,0.4899±0.0773,0.8079±0.0456
Node,3shot,Wisconsin,GraphCL+EdgePrompt,0.3280±0.0410,0.2170±0.0431,0.5430±0.0511
Node,3shot,Wisconsin,GraphCL+EdgePromptplus,0.3897±0.1045,0.2725±0.0462,0.5841±0.0424
Node,3shot,Wisconsin,GraphCL+GPF,0.7616±0.1281,0.5507±0.0917,0.8197±0.0893
Node,3shot,Wisconsin,GraphCL+GPF-plus,0.7000±0.1795,0.5663±0.1261,0.8453±0.0760
Node,3shot,Wisconsin,GraphCL+GPPT,0.1909±0.0299,0.1566±0.0496,0.5500±0.0299
Node,3shot,Wisconsin,GraphCL+Gprompt,0.8229±0.1404,0.7394±0.1112,0.9312±0.0511
Node,3shot,Wisconsin,GraphCL+GraphPrompter,0.3360±0.0811,0.2420±0.0567,0.5778±0.0519
Node,3shot,Wisconsin,GraphCL+PSP,0.2057±0.0995,0.1317±0.0345,0.5306±0.0522
Node,3shot,Wisconsin,GraphCL+ProNoG,0.3897±0.1059,0.3280±0.0829,0.6431±0.0504
Node,3shot,Wisconsin,GraphCL+Prodigy,0.3463±0.1280,0.1983±0.0701,0.5373±0.0747
Node,3shot,Wisconsin,GraphCL+RELIEF,0.1851±0.0650,0.0000±0.0000,0.0000±0.0000
Node,3shot,Wisconsin,GraphCL+SelfPro,0.4217±0.1498,0.2953±0.0724,0.7833±0.0272
Node,3shot,Wisconsin,GraphCL+UniPrompt,0.2640±0.0624,0.2043±0.0460,0.5904±0.0321
Node,3shot,Wisconsin,GraphMAE+RELIEF,0.2411±0.0888,0.0000±0.0000,0.0000±0.0000
Node,3shot,Wisconsin,MultiGprompt+MultiGprompt,0.2411±0.0604,0.2372±0.0345,0.6936±0.0420
Node,3shot,Wisconsin,None+All-in-one,0.3760±0.1855,0.2079±0.0916,0.6642±0.0777
Node,3shot,Wisconsin,None+EdgePrompt,0.3714±0.0612,0.2902±0.0494,0.6431±0.0386
Node,3shot,Wisconsin,None+EdgePromptplus,0.3269±0.0545,0.2640±0.0440,0.6240±0.0331
Node,3shot,Wisconsin,None+GPF,0.8428±0.1307,0.7559±0.0865,0.9030±0.0456
Node,3shot,Wisconsin,None+GPF-plus,0.8662±0.1249,0.7598±0.1055,0.9648±0.0264
Node,3shot,Wisconsin,None+GPPT,0.3577±0.0725,0.2749±0.0289,0.6152±0.0324
Node,3shot,Wisconsin,None+Gprompt,0.8599±0.1265,0.8403±0.0882,0.9446±0.0588
Node,3shot,Wisconsin,None+GraphPrompter,0.3577±0.0767,0.2973±0.0719,0.6362±0.0421
Node,3shot,Wisconsin,None+None,0.3634±0.0686,0.3092±0.0400,0.6477±0.0291
Node,3shot,Wisconsin,None+PSP,0.1657±0.1171,0.1048±0.0310,0.5076±0.0544
Node,3shot,Wisconsin,None+ProNoG,0.3737±0.0855,0.3421±0.0746,0.6756±0.0521
Node,3shot,Wisconsin,None+Prodigy,0.3429±0.0317,0.2683±0.0518,0.6219±0.0316
Node,3shot,Wisconsin,None+RELIEF,0.2366±0.1228,0.0000±0.0000,0.0000±0.0000
Node,3shot,Wisconsin,None+SelfPro,0.4789±0.0884,0.4132±0.0448,0.8026±0.0209
Node,3shot,Wisconsin,None+UniPrompt,0.3303±0.0381,0.2782±0.0369,0.6280±0.0182
Node,5shot,Cora,DGI+All-in-one,0.1912±0.0573,0.0843±0.0289,0.6952±0.0624
Node,5shot,Cora,DGI+EdgePrompt,0.1722±0.0758,0.0984±0.0539,0.5925±0.0185
Node,5shot,Cora,DGI+EdgePromptplus,0.1522±0.0529,0.0712±0.0261,0.5866±0.0263
Node,5shot,Cora,DGI+GPF,0.2883±0.0551,0.1399±0.0305,0.8034±0.0368
Node,5shot,Cora,DGI+GPF-plus,0.3078±0.0350,0.1858±0.0357,0.8275±0.0311
Node,5shot,Cora,DGI+GPPT,0.1364±0.0824,0.0439±0.0349,0.5215±0.0160
Node,5shot,Cora,DGI+Gprompt,0.2954±0.0977,0.2310±0.0946,0.6942±0.0443
Node,5shot,Cora,DGI+GraphPrompter,0.1547±0.0475,0.0744±0.0232,0.5915±0.0227
Node,5shot,Cora,DGI+PSP,0.1280±0.0179,0.0324±0.0040,0.5225±0.0333
Node,5shot,Cora,DGI+ProNoG,0.1500±0.0209,0.1208±0.0132,0.5221±0.0327
Node,5shot,Cora,DGI+Prodigy,0.1588±0.0388,0.1000±0.0248,0.5205±0.0129
Node,5shot,Cora,DGI+RELIEF,0.1239±0.0319,0.0000±0.0000,0.0000±0.0000
Node,5shot,Cora,DGI+SelfPro,0.3065±0.0618,0.2649±0.0616,0.7433±0.0117
Node,5shot,Cora,DGI+UniPrompt,0.1796±0.0723,0.1130±0.0595,0.6221±0.0191
Node,5shot,Cora,Edgepred_Gprompt+All-in-one,0.1193±0.0382,0.0301±0.0088,0.7049±0.0566
Node,5shot,Cora,Edgepred_Gprompt+EdgePrompt,0.3356±0.0309,0.3089±0.0309,0.7279±0.0229
Node,5shot,Cora,Edgepred_Gprompt+EdgePromptplus,0.3266±0.0246,0.2951±0.0332,0.7255±0.0216
Node,5shot,Cora,Edgepred_Gprompt+GPF,0.1070±0.0559,0.0359±0.0294,0.7915±0.0321
Node,5shot,Cora,Edgepred_Gprompt+GPF-plus,0.5776±0.1016,0.5219±0.1305,0.8641±0.0477
Node,5shot,Cora,Edgepred_Gprompt+GPPT,0.2071±0.0245,0.1293±0.0352,0.7224±0.0135
Node,5shot,Cora,Edgepred_Gprompt+Gprompt,0.5801±0.0403,0.5597±0.0392,0.8604±0.0121
Node,5shot,Cora,Edgepred_Gprompt+GraphPrompter,0.3422±0.0163,0.3029±0.0214,0.7224±0.0184
Node,5shot,Cora,Edgepred_Gprompt+PSP,0.1448±0.0855,0.0369±0.0158,0.4560±0.0418
Node,5shot,Cora,Edgepred_Gprompt+ProNoG,0.3664±0.0356,0.3670±0.0366,0.7591±0.0228
Node,5shot,Cora,Edgepred_Gprompt+Prodigy,0.2067±0.0420,0.1027±0.0392,0.7226±0.0179
Node,5shot,Cora,Edgepred_Gprompt+RELIEF,0.1575±0.0590,0.0000±0.0000,0.0000±0.0000
Node,5shot,Cora,Edgepred_Gprompt+SelfPro,0.2245±0.0185,0.1809±0.0288,0.6239±0.0130
Node,5shot,Cora,Edgepred_Gprompt+UniPrompt,0.3288±0.0184,0.2957±0.0267,0.7199±0.0207
Node,5shot,Cora,GraphCL+All-in-one,0.3609±0.0590,0.2201±0.0402,0.7774±0.0362
Node,5shot,Cora,GraphCL+EdgePrompt,0.4950±0.0443,0.4670±0.0463,0.7882±0.0320
Node,5shot,Cora,GraphCL+EdgePromptplus,0.4546±0.0711,0.4379±0.0731,0.8099±0.0344
Node,5shot,Cora,GraphCL+GPF,0.4538±0.0818,0.3409±0.0741,0.8512±0.0214
Node,5shot,Cora,GraphCL+GPF-plus,0.5421±0.0488,0.4206±0.0577,0.9043±0.0138
Node,5shot,Cora,GraphCL+GPPT,0.5368±0.0442,0.4827±0.0510,0.8497±0.0222
Node,5shot,Cora,GraphCL+Gprompt,0.6275±0.0323,0.5766±0.0294,0.8754±0.0133
Node,5shot,Cora,GraphCL+GraphPrompter,0.4753±0.0940,0.4233±0.0781,0.7736±0.0511
Node,5shot,Cora,GraphCL+PSP,0.1425±0.0437,0.0926±0.0226,0.5061±0.0655
Node,5shot,Cora,GraphCL+ProNoG,0.5352±0.0663,0.5177±0.0532,0.8290±0.0109
Node,5shot,Cora,GraphCL+Prodigy,0.4951±0.0657,0.4658±0.0740,0.8213±0.0350
Node,5shot,Cora,GraphCL+RELIEF,0.1004±0.0386,0.0000±0.0000,0.0000±0.0000
Node,5shot,Cora,GraphCL+SelfPro,0.2644±0.0328,0.1981±0.0460,0.6899±0.0100
Node,5shot,Cora,GraphCL+UniPrompt,0.3954±0.0540,0.3839±0.0475,0.7702±0.0261
Node,5shot,Cora,GraphMAE+All-in-one,0.2157±0.0813,0.1016±0.0824,0.8416±0.0074
Node,5shot,Cora,GraphMAE+EdgePrompt,0.5311±0.0446,0.3752±0.0302,0.8837±0.0088
Node,5shot,Cora,GraphMAE+EdgePromptplus,0.5291±0.0474,0.3736±0.0292,0.8840±0.0089
Node,5shot,Cora,GraphMAE+GPF,0.2363±0.1103,0.0922±0.0675,0.8273±0.0366
Node,5shot,Cora,GraphMAE+GPF-plus,0.5776±0.0781,0.5187±0.0728,0.8850±0.0346
Node,5shot,Cora,GraphMAE+GPPT,0.4352±0.1433,0.3428±0.0978,0.8163±0.0146
Node,5shot,Cora,GraphMAE+Gprompt,0.6480±0.0538,0.5873±0.0613,0.8676±0.0162
Node,5shot,Cora,GraphMAE+GraphPrompter,0.5248±0.0537,0.3699±0.0274,0.8840±0.0090
Node,5shot,Cora,GraphMAE+PSP,0.1491±0.0848,0.0393±0.0179,0.4749±0.0646
Node,5shot,Cora,GraphMAE+ProNoG,0.5765±0.0175,0.5103±0.0122,0.8415±0.0152
Node,5shot,Cora,GraphMAE+Prodigy,0.2171±0.0873,0.0881±0.0483,0.8309±0.0267
Node,5shot,Cora,GraphMAE+RELIEF,0.1367±0.0169,0.0000±0.0000,0.0000±0.0000
Node,5shot,Cora,GraphMAE+SelfPro,0.5044±0.0391,0.4021±0.0713,0.8228±0.0189
Node,5shot,Cora,GraphMAE+UniPrompt,0.5226±0.0684,0.4003±0.0397,0.8833±0.0182
Node,5shot,Cora,MultiGprompt+MultiGprompt,0.7076±0.0171,0.6869±0.0092,0.9291±0.0073
Node,5shot,Cora,None+All-in-one,0.1209±0.0250,0.0307±0.0058,0.6338±0.0168
Node,5shot,Cora,None+EdgePrompt,0.3218±0.0483,0.2658±0.0467,0.7656±0.0124
Node,5shot,Cora,None+EdgePromptplus,0.3249±0.0519,0.2437±0.0373,0.7684±0.0106
Node,5shot,Cora,None+GPF,0.1082±0.0389,0.0329±0.0133,0.7342±0.0398
Node,5shot,Cora,None+GPF-plus,0.6121±0.0525,0.5761±0.0443,0.9009±0.0106
Node,5shot,Cora,None+GPPT,0.2483±0.0685,0.1863±0.0458,0.7582±0.0635
Node,5shot,Cora,None+Gprompt,0.6330±0.0337,0.6131±0.0243,0.8854±0.0147
Node,5shot,Cora,None+GraphPrompter,0.3360±0.0503,0.2385±0.0338,0.7811±0.0104
Node,5shot,Cora,None+None,0.5318±0.0560,0.5492±0.0333,0.8929±0.0179
Node,5shot,Cora,None+PSP,0.1503±0.0806,0.0405±0.0150,0.4654±0.0525
Node,5shot,Cora,None+ProNoG,0.5061±0.0487,0.5024±0.0488,0.8291±0.0175
Node,5shot,Cora,None+Prodigy,0.1587±0.0506,0.0765±0.0378,0.7892±0.0133
Node,5shot,Cora,None+RELIEF,0.1271±0.0088,0.0000±0.0000,0.0000±0.0000
Node,5shot,Cora,None+SelfPro,0.2551±0.0186,0.2245±0.0175,0.6465±0.0120
Node,5shot,Cora,None+UniPrompt,0.3021±0.0449,0.2098±0.0293,0.7189±0.0320
Node,5shot,Wisconsin,DGI+All-in-one,0.5897±0.0413,0.3485±0.0666,0.7264±0.0430
Node,5shot,Wisconsin,DGI+EdgePrompt,0.3131±0.0813,0.2532±0.0574,0.5919±0.0584
Node,5shot,Wisconsin,DGI+EdgePromptplus,0.3303±0.0564,0.2612±0.0356,0.5941±0.0488
Node,5shot,Wisconsin,DGI+GPF,0.7284±0.1194,0.6278±0.0736,0.8478±0.0577
Node,5shot,Wisconsin,DGI+GPF-plus,0.8888±0.0734,0.7465±0.0925,0.9621±0.0324
Node,5shot,Wisconsin,DGI+GPPT,0.2160±0.1665,0.1174±0.0780,0.5487±0.0460
Node,5shot,Wisconsin,DGI+Gprompt,0.6434±0.1644,0.5963±0.1011,0.8507±0.0268
Node,5shot,Wisconsin,DGI+GraphPrompter,0.3520±0.0603,0.2661±0.0411,0.5949±0.0408
Node,5shot,Wisconsin,DGI+PSP,0.2423±0.0605,0.1280±0.0343,0.4999±0.0628
Node,5shot,Wisconsin,DGI+ProNoG,0.3794±0.0464,0.3358±0.0569,0.7000±0.0275
Node,5shot,Wisconsin,DGI+Prodigy,0.3451±0.0712,0.2413±0.0225,0.5918±0.0429
Node,5shot,Wisconsin,DGI+RELIEF,0.1280±0.0869,0.0000±0.0000,0.0000±0.0000
Node,5shot,Wisconsin,DGI+SelfPro,0.6023±0.0334,0.5155±0.0298,0.8461±0.0075
Node,5shot,Wisconsin,DGI+UniPrompt,0.3611±0.0724,0.2764±0.0290,0.6192±0.0303
Node,5shot,Wisconsin,Edgepred_Gprompt+All-in-one,0.5760±0.1244,0.3129±0.0946,0.7984±0.0627
Node,5shot,Wisconsin,Edgepred_Gprompt+EdgePrompt,0.3463±0.0853,0.2879±0.0399,0.6061±0.0381
Node,5shot,Wisconsin,Edgepred_Gprompt+EdgePromptplus,0.3611±0.0655,0.2983±0.0244,0.6060±0.0284
Node,5shot,Wisconsin,Edgepred_Gprompt+GPF,0.9038±0.0672,0.7285±0.0514,0.9621±0.0265
Node,5shot,Wisconsin,Edgepred_Gprompt+GPF-plus,0.9439±0.0313,0.7900±0.1156,0.9948±0.0039
Node,5shot,Wisconsin,Edgepred_Gprompt+GPPT,0.3360±0.0501,0.2937±0.0422,0.6111±0.0412
Node,5shot,Wisconsin,Edgepred_Gprompt+Gprompt,0.9438±0.0366,0.8585±0.0610,0.9859±0.0158
Node,5shot,Wisconsin,Edgepred_Gprompt+GraphPrompter,0.3691±0.0820,0.3007±0.0443,0.6041±0.0403
Node,5shot,Wisconsin,Edgepred_Gprompt+PSP,0.1909±0.0502,0.1380±0.0190,0.5019±0.0149
Node,5shot,Wisconsin,Edgepred_Gprompt+ProNoG,0.3783±0.0739,0.3315±0.0546,0.7017±0.0399
Node,5shot,Wisconsin,Edgepred_Gprompt+Prodigy,0.3200±0.0443,0.2682±0.0195,0.5963±0.0416
Node,5shot,Wisconsin,Edgepred_Gprompt+RELIEF,0.1737±0.0581,0.0000±0.0000,0.0000±0.0000
Node,5shot,Wisconsin,Edgepred_Gprompt+SelfPro,0.5120±0.0355,0.4422±0.0455,0.8038±0.0105
Node,5shot,Wisconsin,Edgepred_Gprompt+UniPrompt,0.3726±0.0752,0.3089±0.0391,0.6193±0.0388
Node,5shot,Wisconsin,GraphCL+All-in-one,0.7186±0.0340,0.5161±0.0433,0.8249±0.0291
Node,5shot,Wisconsin,GraphCL+EdgePrompt,0.2869±0.0738,0.2165±0.0416,0.5958±0.0285
Node,5shot,Wisconsin,GraphCL+EdgePromptplus,0.2949±0.0829,0.2100±0.0772,0.5919±0.0886
Node,5shot,Wisconsin,GraphCL+GPF,0.6975±0.2095,0.4718±0.1602,0.7606±0.1155
Node,5shot,Wisconsin,GraphCL+GPF-plus,0.7219±0.1577,0.4910±0.1192,0.8056±0.1342
Node,5shot,Wisconsin,GraphCL+GPPT,0.2857±0.0394,0.1944±0.0333,0.5556±0.0435
Node,5shot,Wisconsin,GraphCL+Gprompt,0.9361±0.0154,0.8157±0.0469,0.9724±0.0164
Node,5shot,Wisconsin,GraphCL+GraphPrompter,0.3086±0.1044,0.2497±0.0834,0.6075±0.0523
Node,5shot,Wisconsin,GraphCL+PSP,0.2446±0.0979,0.1494±0.0420,0.5364±0.0335
Node,5shot,Wisconsin,GraphCL+ProNoG,0.4411±0.0922,0.3692±0.0766,0.6850±0.0680
Node,5shot,Wisconsin,GraphCL+Prodigy,0.3314±0.0990,0.1667±0.0508,0.5156±0.0721
Node,5shot,Wisconsin,GraphCL+RELIEF,0.1463±0.0902,0.0000±0.0000,0.0000±0.0000
Node,5shot,Wisconsin,GraphCL+SelfPro,0.5154±0.0838,0.3622±0.0181,0.7644±0.0315
Node,5shot,Wisconsin,GraphCL+UniPrompt,0.3611±0.0638,0.2519±0.0276,0.6220±0.0366
Node,5shot,Wisconsin,GraphMAE+RELIEF,0.2149±0.1340,0.0000±0.0000,0.0000±0.0000
Node,5shot,Wisconsin,MultiGprompt+MultiGprompt,0.3211±0.0972,0.2728±0.0561,0.6948±0.0227
Node,5shot,Wisconsin,None+All-in-one,0.5475±0.1290,0.3102±0.0800,0.7456±0.0197
Node,5shot,Wisconsin,None+EdgePrompt,0.3726±0.0612,0.3203±0.0408,0.6651±0.0466
Node,5shot,Wisconsin,None+EdgePromptplus,0.3829±0.0732,0.3262±0.0587,0.6470±0.0601
Node,5shot,Wisconsin,None+GPF,0.8771±0.0678,0.7190±0.0470,0.9257±0.0511
Node,5shot,Wisconsin,None+GPF-plus,0.9175±0.0715,0.7668±0.0944,0.9753±0.0236
Node,5shot,Wisconsin,None+GPPT,0.3463±0.0546,0.2684±0.0482,0.6142±0.0692
Node,5shot,Wisconsin,None+Gprompt,0.9300±0.0530,0.8788±0.0517,0.9819±0.0135
Node,5shot,Wisconsin,None+GraphPrompter,0.3543±0.0689,0.3175±0.0380,0.6596±0.0285
Node,5shot,Wisconsin,None+None,0.3486±0.0457,0.3064±0.0267,0.6425±0.0284
Node,5shot,Wisconsin,None+PSP,0.2103±0.1540,0.1026±0.0466,0.5228±0.0711
Node,5shot,Wisconsin,None+ProNoG,0.4446±0.0696,0.3869±0.0577,0.7176±0.0470
Node,5shot,Wisconsin,None+Prodigy,0.3771±0.1184,0.2807±0.0749,0.6341±0.0466
Node,5shot,Wisconsin,None+RELIEF,0.1760±0.1197,0.0000±0.0000,0.0000±0.0000
Node,5shot,Wisconsin,None+SelfPro,0.5200±0.0575,0.4405±0.0336,0.8293±0.0182
Node,5shot,Wisconsin,None+UniPrompt,0.3771±0.0471,0.3306±0.0280,0.6827±0.0213
